IndexX,IndexY,label
0.36422520875930786,0.14948612451553345,K
0.690872311592102,0.3578290343284607,P
0.2255043387413025,0.22804681956768036,C
0.5606351494789124,0.24902459979057312,L
0.6524019241333008,0.41502445936203003,Y
