WristX,WristY,ThumbCMCX,ThumbCMCY,ThumbMCPX,ThumbMCPY,ThumbIPX,ThumbIPY,ThumbTIPX,ThumbTIPY,IndexMCPX,IndexMCPY,IndexPIPX,IndexPIPY,IndexDIPX,IndexDIPY,IndexTIPX,IndexTIPY,MiddleMCPX,MiddleMCPY,MiddlePIPX,MiddlePIPY,MiddleDIPX,MiddleDIPY,MiddleTIPX,MiddleTIPY,RingMCPX,RingMCPY,RingPIPX,RingPIPY,RingDIPX,RingDIPY,RingTIPX,RingTIPY,PinkyMCPX,PinkyMCPY,PinkyPIPX,PinkyPIPY,PinkyDIPX,PinkyDIPY,PinkyTIPX,PinkyTIPY,label
0.3990137577056885,0.8422751426696777,0.5731055736541748,0.8141063451766968,0.7129033803939819,0.7064186930656433,0.8056749105453491,0.6135885119438171,0.8992893695831299,0.5566208958625793,0.581606388092041,0.510216474533081,0.6158109307289124,0.36524438858032227,0.624462366104126,0.271257221698761,0.6272211670875549,0.1927349865436554,0.4815993905067444,0.4940640330314636,0.5183392763137817,0.3381585478782654,0.537480890750885,0.23327940702438354,0.5529739260673523,0.14602717757225037,0.38049933314323425,0.5077327489852905,0.41374891996383667,0.3632827401161194,0.4383118748664856,0.26543617248535156,0.46375352144241333,0.18739277124404907,0.2781417667865753,0.5441094636917114,0.3018907308578491,0.43227893114089966,0.32844066619873047,0.35749489068984985,0.35721659660339355,0.2930760383605957,L
